{
	"IcoMoonType": "selection",
	"icons": [
		{
			"icon": {
				"paths": [
					"M200.064 468.48c38.912 39.125 76.843 79.061 113.664 119.851 36.864 40.789 73.088 82.091 108.544 124.032l-28.587-1.536c73.856-77.568 149.547-153.301 227.243-227.029 38.699-37.035 78.123-73.344 118.101-109.099 40.021-35.712 80.853-70.656 122.581-104.576-33.92 41.813-68.779 82.688-104.491 122.624-35.755 40.021-72.021 79.403-109.099 118.144-73.771 77.653-149.461 153.387-227.072 227.2l-15.787 15.104-12.8-16.555c-33.664-43.435-66.517-87.467-98.688-132.053-32.299-44.501-63.445-89.899-93.611-136.107z"
				],
				"attrs": [
					{
						"fill": "rgb(255, 255, 255)"
					}
				],
				"isMulticolor": false,
				"isMulticolor2": false,
				"grid": 0,
				"tags": [
					"checkbox"
				]
			},
			"attrs": [
				{
					"fill": "rgb(255, 255, 255)"
				}
			],
			"properties": {
				"order": 5,
				"id": 0,
				"prevSize": 32,
				"code": 59650,
				"name": "checkbox"
			},
			"setIdx": 0,
			"setId": 3,
			"iconIdx": 0
		},
		{
			"icon": {
				"paths": [
					"M973.824 512c0 255.147-206.848 461.824-461.824 461.824-255.147 0-461.995-206.677-461.995-461.824s206.848-461.824 461.995-461.824c254.976 0 461.824 206.677 461.824 461.824z"
				],
				"attrs": [
					{
						"fill": "rgb(242, 147, 37)"
					}
				],
				"isMulticolor": false,
				"isMulticolor2": false,
				"grid": 0,
				"tags": [
					"dot"
				]
			},
			"attrs": [
				{
					"fill": "rgb(242, 147, 37)"
				}
			],
			"properties": {
				"order": 2,
				"id": 1,
				"prevSize": 32,
				"code": 59648,
				"name": "dot"
			},
			"setIdx": 1,
			"setId": 2,
			"iconIdx": 0
		},
		{
			"icon": {
				"paths": [
					"M141.198 981.22v-938.553l757.077 526.222z"
				],
				"attrs": [
					{
						"fill": "rgb(242, 147, 37)"
					}
				],
				"isMulticolor": false,
				"isMulticolor2": false,
				"grid": 0,
				"tags": [
					"Untitled-12"
				]
			},
			"attrs": [
				{
					"fill": "rgb(242, 147, 37)"
				}
			],
			"properties": {
				"order": 3,
				"id": 0,
				"prevSize": 32,
				"code": 59649,
				"name": "arrow"
			},
			"setIdx": 1,
			"setId": 2,
			"iconIdx": 1
		}
	],
	"height": 1024,
	"metadata": {
		"name": "TruequeGamer"
	},
	"preferences": {
		"showGlyphs": true,
		"showQuickUse": true,
		"showQuickUse2": true,
		"showSVGs": true,
		"fontPref": {
			"prefix": "icon-",
			"metadata": {
				"fontFamily": "TruequeGamer",
				"majorVersion": 1,
				"minorVersion": 0
			},
			"metrics": {
				"emSize": 1024,
				"baseline": 6.25,
				"whitespace": 50
			},
			"embed": false
		},
		"imagePref": {
			"prefix": "icon-",
			"png": true,
			"useClassSelector": true,
			"color": 0,
			"bgColor": 16777215,
			"classSelector": ".icon"
		},
		"historySize": 100,
		"showCodes": true,
		"gridSize": 16,
		"showLiga": false
	}
}